{"cameraMode":{"drawMode":0,"name":"Shaded","section":"Shading Mode"},"sceneLighting":true,"audioPlay":false,"sceneViewState":{"showFog":true,"showMaterialUpdate":true,"showSkybox":true,"showFlares":true,"showImageEffects":true,"showParticleSystems":true},"in2DMode":false,"pivot":{"x":7.171010494232178,"y":2.1347360610961916,"z":-1.4540870189666749},"rotation":{"x":-0.09157329052686691,"y":0.8488900065422058,"z":-0.1565762460231781,"w":-0.496471643447876},"size":4.041658401489258,"orthographic":false}